,title,link
0,"Elderly suffered knee, spine issues during lockdown: Study",news.google.com/./articles/CAIiELwW4eIMN2V98xtkvJ9DkAAqGQgEKhAIACoHCAowzrL9CjDC7vQCMKCT1wU?uo=CAUihQFodHRwczovL3RpbWVzb2ZpbmRpYS5pbmRpYXRpbWVzLmNvbS9jaXR5L2NoYW5kaWdhcmgvZWxkZXJseS1zdWZmZXJlZC1rbmVlLXNwaW5lLWlzc3Vlcy1kdXJpbmctbG9ja2Rvd24tc3R1ZHkvYXJ0aWNsZXNob3cvODc3MjQyMzYuY21z0gEA&hl=en-IN&gl=IN&ceid=IN%3Aen
1,A traffic lockdown may be what Delhi requires,news.google.com/./articles/CAIiEI65_zT3ig4ZfVfE3320f3QqFwgEKg4IACoGCAowxLQ_MNevCDDnvNMF?uo=CAUib2h0dHBzOi8vd3d3LmxpdmVtaW50LmNvbS9vcGluaW9uL29ubGluZS12aWV3cy9hLXRyYWZmaWMtbG9ja2Rvd24tbWF5LWJlLXdoYXQtZGVsaGktcmVxdWlyZXMtMTE2MzY5OTMxNDkwOTMuaHRtbNIBAA&hl=en-IN&gl=IN&ceid=IN%3Aen
2,Austria imposes lockdown for unvaccinated people only as Covid-19 cases surge across Europe,news.google.com/./articles/CBMidmh0dHBzOi8vd3d3LmluZGlhdG9kYXkuaW4vdG9wLXN0b3JpZXMvc3RvcnkvYXVzdHJpYS1sb2NrZG93bi11bnZhY2NpbmF0ZWQtcGVvcGxlLWNvdmlkLWNhc2VzLWV1cm9wZS0xODc3MTAyLTIwMjEtMTEtMTbSAXpodHRwczovL3d3dy5pbmRpYXRvZGF5LmluL2FtcC90b3Atc3Rvcmllcy9zdG9yeS9hdXN0cmlhLWxvY2tkb3duLXVudmFjY2luYXRlZC1wZW9wbGUtY292aWQtY2FzZXMtZXVyb3BlLTE4NzcxMDItMjAyMS0xMS0xNg?hl=en-IN&gl=IN&ceid=IN%3Aen
3,Delhi News Live Updates: City records the highest dengue cases in a year since 2015,news.google.com/./articles/CBMieWh0dHBzOi8vaW5kaWFuZXhwcmVzcy5jb20vYXJ0aWNsZS9jaXRpZXMvZGVsaGkvZGVsaGktbmV3cy1saXZlLXVwZGF0ZXMtYWlyLXF1YWxpdHktc21vZy10cmFmZmljLWNvcm9uYXZpcnVzLXJhaW4tNzYyMzA3MS_SAQA?hl=en-IN&gl=IN&ceid=IN%3Aen
4,Soaring pollution has Delhi considering full weekend lockdown,news.google.com/./articles/CBMia2h0dHBzOi8vd3d3LnRoZWd1YXJkaWFuLmNvbS93b3JsZC8yMDIxL25vdi8xNi9zb2FyaW5nLXBvbGx1dGlvbi1oYXMtZGVsaGktY29uc2lkZXJpbmctZnVsbC13ZWVrZW5kLWxvY2tkb3du0gFraHR0cHM6Ly9hbXAudGhlZ3VhcmRpYW4uY29tL3dvcmxkLzIwMjEvbm92LzE2L3NvYXJpbmctcG9sbHV0aW9uLWhhcy1kZWxoaS1jb25zaWRlcmluZy1mdWxsLXdlZWtlbmQtbG9ja2Rvd24?hl=en-IN&gl=IN&ceid=IN%3Aen
5,New Delhi prepares for new lockdown amid pollution crisis,news.google.com/./articles/CAIiEAw08BD1r0AYbcYWVLcxP5kqGAgEKg8IACoHCAowjtSUCjC30XQw0fe8Bg?uo=CAUiANIBAA&hl=en-IN&gl=IN&ceid=IN%3Aen
6,"West Bengal: Battered by lockdown and cyclones, Boipara hopes business will return with reopening of camp",news.google.com/./articles/CBMiqQFodHRwczovL3RpbWVzb2ZpbmRpYS5pbmRpYXRpbWVzLmNvbS9jaXR5L2tvbGthdGEvYmF0dGVyZWQtYnktbG9ja2Rvd24tYW5kLWN5Y2xvbmVzLWJvaXBhcmEtaG9wZXMtYnVzaW5lc3Mtd2lsbC1yZXR1cm4td2l0aC1yZW9wZW5pbmctb2YtY2FtcHVzZXMvYXJ0aWNsZXNob3cvODc3MjQwNjEuY21z0gGkAWh0dHBzOi8vbS50aW1lc29maW5kaWEuY29tL2NpdHkva29sa2F0YS9iYXR0ZXJlZC1ieS1sb2NrZG93bi1hbmQtY3ljbG9uZXMtYm9pcGFyYS1ob3Blcy1idXNpbmVzcy13aWxsLXJldHVybi13aXRoLXJlb3BlbmluZy1vZi1jYW1wdXNlcy9hbXBfYXJ0aWNsZXNob3cvODc3MjQwNjEuY21z?hl=en-IN&gl=IN&ceid=IN%3Aen
7,Pregnancy outcomes during the Jordanian COVID-19 national lockdown,news.google.com/./articles/CAIiEI57yvzq9p5vTkFHxkmPhvkqMwgEKioIACIQZdRflS9INK7zM5FkBi3R3CoUCAoiEGXUX5UvSDSu8zORZAYt0dwwr47MBg?uo=CAUicmh0dHBzOi8vd3d3Lm5ld3MtbWVkaWNhbC5uZXQvbmV3cy8yMDIxMTExNi9QcmVnbmFuY3ktb3V0Y29tZXMtZHVyaW5nLXRoZS1Kb3JkYW5pYW4tQ09WSUQtMTktbmF0aW9uYWwtbG9ja2Rvd24uYXNweNIBAA&hl=en-IN&gl=IN&ceid=IN%3Aen
8,Uttar Pradesh govt spending public money to get crowds for PM's rallies:Priyanka Gandhi,news.google.com/./articles/CBMiigFodHRwczovL20ucmVwdWJsaWN3b3JsZC5jb20vaW5kaWEtbmV3cy9wb2xpdGljcy91dHRhci1wcmFkZXNoLWdvdnQtc3BlbmRpbmctcHVibGljLW1vbmV5LXRvLWdldC1jcm93ZHMtZm9yLXBtcy1yYWxsaWVzcHJpeWFua2EtZ2FuZGhpLmh0bWzSAZABaHR0cHM6Ly93d3cucmVwdWJsaWN3b3JsZC5jb20vYW1wL2luZGlhLW5ld3MvcG9saXRpY3MvdXR0YXItcHJhZGVzaC1nb3Z0LXNwZW5kaW5nLXB1YmxpYy1tb25leS10by1nZXQtY3Jvd2RzLWZvci1wbXMtcmFsbGllc3ByaXlhbmthLWdhbmRoaS5odG1s?hl=en-IN&gl=IN&ceid=IN%3Aen
9,Karnataka Likely to Impose Lockdown Again. State Minister Sudhakar K to Meet TAC Today Over New COVID Variant,news.google.com/./articles/CAIiEHUr52rR-lZ2mFGzHZCBa7EqGQgEKhAIACoHCAow5dz4CjCO8d4CMLW6uAY?uo=CAUi0AFodHRwczovL3d3dy5pbmRpYS5jb20va2FybmF0YWthL2thcm5hdGFrYS1sb2NrZG93bi1uZXdzLXRvZGF5LTI2LW9jdG9iZXItMjAyMTItc3RhdGUtbGlrZWx5LXRvLWltcG9zZS1sb2NrZG93bi1zdWRoYWthci1rLXRvLW1lZXQtdGFjLXRvZGF5LWJlbmdhbHVydS1kYWtzaGluYS1rYW5uYWRhLWhhc3Nhbi1teXN1cnUtY292aWQtdmFyaWFudC1heS00LTUwNzA2NzYv0gEA&hl=en-IN&gl=IN&ceid=IN%3Aen
10,"Is an annual lockdown the solution to Delhi's air pollution woes? Yes, says data",news.google.com/./articles/CBMifGh0dHBzOi8vd3d3LmRvd250b2VhcnRoLm9yZy5pbi9uZXdzL2Fpci9pcy1hbi1hbm51YWwtbG9ja2Rvd24tdGhlLXNvbHV0aW9uLXRvLWRlbGhpLXMtYWlyLXBvbGx1dGlvbi13b2VzLXllcy1zYXlzLWRhdGEtODAyMTbSAQA?hl=en-IN&gl=IN&ceid=IN%3Aen
11,Will lockdown be imposed in Karnataka Again? Covid Panel Breaks Silence l Read Here,news.google.com/./articles/CAIiEB0HLMmbhHrcJPhi2sFFIawqGQgEKhAIACoHCAow5dz4CjCO8d4CMLW6uAY?uo=CAUi7wFodHRwczovL3d3dy5pbmRpYS5jb20va2FybmF0YWthL2thcm5hdGFrYS1sb2NrZG93bi1uZXdzLXRvZGF5LTI4LW9jdG9iZXItMjAyMS1yZXBvcnRzLW9mLWFub3RoZXItbG9ja2Rvd24tZGlzbWlzc2VkLWJ5LWNvdmlkLXBhbmVsLXRhYy1zYXlzLXJ1bW91cnMtdW5mb3VuZGVkLXVucmVhbGlzdGljLWNvdmlkLWRlbHRhLXZhcmlhbnQtYXktNC0yLWJlbmdhbHVydS1kYWtzaGluYS1rYW5uYWRhLWhhc3Nhbi01MDczMjk4L9IBAA&hl=en-IN&gl=IN&ceid=IN%3Aen
12,"Bored in lockdown, man builds giant 18-ft wall around his garden; ordered to take it down in two weeks",news.google.com/./articles/CAIiEPJ_Chp5APvXsZPuGzNoE44qGQgEKhAIACoHCAowr6n9CjCr4PQCMOTdpQY?uo=CAUimQFodHRwczovL3d3dy50aW1lc25vd25ld3MuY29tL3RoZS1idXp6L2FydGljbGUvYm9yZWQtaW4tbG9ja2Rvd24tbWFuLWJ1aWxkcy1naWFudC0xOC1mdC13YWxsLWFyb3VuZC1oaXMtZ2FyZGVuLW9yZGVyZWQtdG8tdGFrZS1pdC1kb3duLWluLXR3by13ZWVrcy84MzI0NjHSAQA&hl=en-IN&gl=IN&ceid=IN%3Aen
13,Karnataka Lockdown Update: CM Bommai Takes BIG Decision | Deets Inside,news.google.com/./articles/CAIiEP7DKnosJQUOyts4Dpae2WsqGQgEKhAIACoHCAow5dz4CjCO8d4CMLW6uAY?uo=CAUi8QFodHRwczovL3d3dy5pbmRpYS5jb20va2FybmF0YWthL2thcm5hdGFrYS1sb2NrZG93bi1sYXRlc3QtbmV3cy10b2RheS01LW5vdmVtYmVyLTIwMjEtY20tYnMtYm9tbWFpLXRha2VzLWJpZy1kZWNpc2lvbi1sYXRlc3QtZ3VpZGVsaW5lcy1mb3ItYmVuZ2FsdXJ1LW15c29yZS1iYWdhbGtvdC1iYWxsYXJpLWJlbGFnYXZpLWNoaWtiYWxsYXB1ci1sb2NrZG93bi1pbi1rYXJuYXRha2EtbGF0ZXN0LW5ld3MtdG9kLTUwODQ1MjQv0gEA&hl=en-IN&gl=IN&ceid=IN%3Aen
14,"European shares slip as lockdown worries, miners drag",news.google.com/./articles/CBMihgFodHRwczovL2Vjb25vbWljdGltZXMuaW5kaWF0aW1lcy5jb20vbWFya2V0cy9zdG9ja3MvbmV3cy9ldXJvcGVhbi1zaGFyZXMtc2xpcC1hcy1sb2NrZG93bi13b3JyaWVzLW1pbmVycy1kcmFnL2FydGljbGVzaG93Lzg3NzE0ODQzLmNtc9IBgQFodHRwczovL20uZWNvbm9taWN0aW1lcy5jb20vbWFya2V0cy9zdG9ja3MvbmV3cy9ldXJvcGVhbi1zaGFyZXMtc2xpcC1hcy1sb2NrZG93bi13b3JyaWVzLW1pbmVycy1kcmFnL2FtcF9hcnRpY2xlc2hvdy84NzcxNDg0My5jbXM?hl=en-IN&gl=IN&ceid=IN%3Aen
15,German Covid Deaths Spike as Lockdown for Unvaccinated Nears,news.google.com/./articles/CAIiECLhLZWJZFSRZikoMYcUVoEqGQgEKhAIACoHCAowqvSQCzD0nKUDMOHViwc?uo=CAUiZGh0dHBzOi8vd3d3LmJsb29tYmVyZ3F1aW50LmNvbS9wb2xpdGljcy9nZXJtYW4tY292aWQtZGVhdGhzLXNwaWtlLWFzLWxvY2tkb3duLWZvci11bnZhY2NpbmF0ZWQtbmVhcnPSAQA&hl=en-IN&gl=IN&ceid=IN%3Aen
16,Will there be another Christmas lockdown? Boris Johnson can't rule one out,news.google.com/./articles/CBMihgFodHRwczovL3d3dy5uZXdzdGF0ZXNtYW4uY29tL3NjaWVuY2UtdGVjaC9jb3JvbmF2aXJ1cy8yMDIxLzExL3dpbGwtdGhlcmUtYmUtYW5vdGhlci1jaHJpc3RtYXMtbG9ja2Rvd24tYm9yaXMtam9obnNvbi1jYW50LXJ1bGUtb25lLW91dNIBAA?hl=en-IN&gl=IN&ceid=IN%3Aen
17,Public health strategies associated with reduced SARS-CoV-2 transmission in Switzerland,news.google.com/./articles/CAIiELBcWSb8cm2lf9-puZJQyHYqMwgEKioIACIQZdRflS9INK7zM5FkBi3R3CoUCAoiEGXUX5UvSDSu8zORZAYt0dwww8TIBg?uo=CAUihwFodHRwczovL3d3dy5uZXdzLW1lZGljYWwubmV0L25ld3MvMjAyMTExMTUvUHVibGljLWhlYWx0aC1zdHJhdGVnaWVzLWFzc29jaWF0ZWQtd2l0aC1yZWR1Y2VkLVNBUlMtQ29WLTItdHJhbnNtaXNzaW9uLWluLVN3aXR6ZXJsYW5kLmFzcHjSAQA&hl=en-IN&gl=IN&ceid=IN%3Aen
18,"Tamil Nadu Covid lockdown extended till Nov 15. What's allowed, what's not",news.google.com/./articles/CAIiEIdJWk4WGWCh5TIrjQ1U7JMqGQgEKhAIACoHCAowoPX9CjDmofYCMKnF3AU?uo=CAUihAFodHRwczovL3d3dy5pbmRpYXR2bmV3cy5jb20vbmV3cy9pbmRpYS90YW1pbC1uYWR1LWNvdmlkMTktbG9ja2Rvd24tZXh0ZW5kZWQtbm92ZW1iZXItMTUtZ3VpZGVsaW5lcy1sYXRlc3QtY29yb25hdmlydXMtdXBkYXRlcy03NDE4NjfSAQA&hl=en-IN&gl=IN&ceid=IN%3Aen
19,"Lockdown lifted at Cypress Creek High School, no weapons located",news.google.com/./articles/CAIiEF9xgaKmoFnPLIxYmVCKEp0qGQgEKhAIACoHCAowjsP-CjDlzvYCMJmz3gU?uo=CAUic2h0dHBzOi8vd3d3LmNsaWNrb3JsYW5kby5jb20vbmV3cy9sb2NhbC8yMDIxLzExLzEyL2xvY2tkb3duLWxpZnRlZC1hdC1jeXByZXNzLWNyZWVrLWhpZ2gtc2Nob29sLW5vLXdlYXBvbnMtbG9jYXRlZC_SAQA&hl=en-IN&gl=IN&ceid=IN%3Aen
20,"Maharashtra Lockdown: Total Shutdown Imposed in 21 Villages, Only Essential Services Allowed",news.google.com/./articles/CAIiEHCbrqsLecbd2arSY2bwHfUqGQgEKhAIACoHCAow5dz4CjCO8d4CMLW6uAY?uo=CAUiuAFodHRwczovL3d3dy5pbmRpYS5jb20vbWFoYXJhc2h0cmEvbWFoYXJhc2h0cmEtbG9ja2Rvd24tbGF0ZXN0LW5ld3MtdG9kYXktMTgtb2N0b2Jlci0yMDIxLWxvY2tkb3duLWltcG9zZWQtaW4tYWhtZWRuYWdhci10aWxsLW9jdG9iZXItMjMtZXNzZW50aWFsLXNlcnZpY2VzLWFsbG93ZWQtcmVhZC1kZXRhaWxzLTUwNTgyMDMv0gEA&hl=en-IN&gl=IN&ceid=IN%3Aen
21,Will there be a Christmas lockdown? What Boris Johnson has said about how likely winter Covid restrictions are,news.google.com/./articles/CBMidGh0dHBzOi8vaW5ld3MuY28udWsvbmV3cy9jaHJpc3RtYXMtbG9ja2Rvd24td2lsbC10aGVyZS1iZS1jb3ZpZC1yZXN0cmljdGlvbnMtaG93LWxpa2VseS1ib3Jpcy1qb2huc29uLXBsYW4tYi0xMzAzMDIy0gF4aHR0cHM6Ly9pbmV3cy5jby51ay9uZXdzL2NocmlzdG1hcy1sb2NrZG93bi13aWxsLXRoZXJlLWJlLWNvdmlkLXJlc3RyaWN0aW9ucy1ob3ctbGlrZWx5LWJvcmlzLWpvaG5zb24tcGxhbi1iLTEzMDMwMjIvYW1w?hl=en-IN&gl=IN&ceid=IN%3Aen
22,"Nearly 75% plan to keep holiday gatherings to household, poll shows; New York City allows boosters for all adults: COVID-19 updates",news.google.com/./articles/CAIiEKQOq3xx9KcTOQA6TjqdjuoqGQgEKhAIACoHCAowjsP7CjCSpPQCMM_b5QU?uo=CAUiamh0dHBzOi8vd3d3LnVzYXRvZGF5LmNvbS9zdG9yeS9uZXdzL2hlYWx0aC8yMDIxLzExLzE1L2luZmxhdGlvbi12YWNjaW5lLW1hbmRhdGVzLWNvdmlkLXVwZGF0ZXMvODYxNzg3MzAwMi_SAQA&hl=en-IN&gl=IN&ceid=IN%3Aen
23,Lockdown for life,news.google.com/./articles/CBMiNmh0dHBzOi8vd3d3Lmxvd2VsbHN1bi5jb20vMjAyMS8xMS8xNi9sb2NrZG93bi1mb3ItbGlmZdIBO2h0dHBzOi8vd3d3Lmxvd2VsbHN1bi5jb20vMjAyMS8xMS8xNi9sb2NrZG93bi1mb3ItbGlmZS9hbXAv?hl=en-IN&gl=IN&ceid=IN%3Aen
24,How we met: ‘My love life was in lockdown. I’d given up looking’,news.google.com/./articles/CAIiEPUpV4K63GAh3XpoIGF64QgqFggEKg4IACoGCAowl6p7MN-zCTDlkko?uo=CAUicGh0dHBzOi8vd3d3LnRoZWd1YXJkaWFuLmNvbS9saWZlYW5kc3R5bGUvMjAyMS9ub3YvMTUvaG93LXdlLW1ldC1teS1sb3ZlLWxpZmUtd2FzLWluLWxvY2tkb3duLWlkLWdpdmVuLXVwLWxvb2tpbmfSAQA&hl=en-IN&gl=IN&ceid=IN%3Aen
25,Simon Cowell and Lauren Silverman 'grew closer during lockdown',news.google.com/./articles/CBMiowFodHRwczovL3d3dy5pbnNpZGVub3ZhLmNvbS9saWZlc3R5bGVzL2VudGVydGFpbm1lbnQvc2ltb24tY293ZWxsLWFuZC1sYXVyZW4tc2lsdmVybWFuLWdyZXctY2xvc2VyLWR1cmluZy1sb2NrZG93bi9hcnRpY2xlX2I0MjIxNWZjLTRmZDgtNWE3MC1hZjJjLTEwNTM2YmI3ZTg1OC5odG1s0gEA?hl=en-IN&gl=IN&ceid=IN%3Aen
26,Covid weekly deaths return to levels last seen in March,news.google.com/./articles/CAIiEKlnWB8gSuksT23XOEvEsXYqGQgEKhAIACoHCAowzuOICzCZ4ocDMJ3joAY?uo=CAUiY2h0dHBzOi8vd3d3LmRhaWx5bWFpbC5jby51ay9uZXdzL2FydGljbGUtMTAyMDgyNzkvQ292aWQtd2Vla2x5LWRlYXRocy1yZXR1cm4tbGV2ZWxzLXNlZW4tTWFyY2guaHRtbNIBAA&hl=en-IN&gl=IN&ceid=IN%3Aen
27,Australian big business and anti-lockdown movement unite against state government's pandemic bill,news.google.com/./articles/CBMiOWh0dHBzOi8vd3d3Lndzd3Mub3JnL2VuL2FydGljbGVzLzIwMjEvMTEvMTYvdmljdC1uMTYuaHRtbNIBAA?hl=en-IN&gl=IN&ceid=IN%3Aen
28,Here's what we know about COVID-19 lockdowns in Katherine and Robinson River,news.google.com/./articles/CAIiEOKz5TQeqLfclmPXhGwUM5EqFggEKg4IACoGCAow3vI9MPeaCDDciw4?uo=CAUicGh0dHBzOi8vd3d3LmFiYy5uZXQuYXUvbmV3cy8yMDIxLTExLTE2L2thdGhlcmluZS1yb2JpbnNvbi1yaXZlci1jb3ZpZC1sb2NrZG93bnMtd2hhdC13ZS1rbm93LWV4cGxhaW5lci8xMDA2MjI1ODTSAQA&hl=en-IN&gl=IN&ceid=IN%3Aen
29,Singapore PM Lee rules out indefinite Covid-19 lockdown,news.google.com/./articles/CAIiEFRGv5tdWf_vYSKE_OhqdacqFwgEKg4IACoGCAoww7k_MMevCDDIrqcH?uo=CAUidmh0dHBzOi8vd3d3LmhpbmR1c3RhbnRpbWVzLmNvbS93b3JsZC1uZXdzL3NpbmdhcG9yZS1wbS1sZWUtcnVsZXMtb3V0LWluZGVmaW5pdGUtY292aWQtMTktbG9ja2Rvd24tMTAxNjM1MDY2MTYyNzE2Lmh0bWzSAQA&hl=en-IN&gl=IN&ceid=IN%3Aen
30,Lockdown imposed in Bengal town after rise in Covid-19 cases,news.google.com/./articles/CBMid2h0dHBzOi8vd3d3LmluZGlhdG9kYXkuaW4vY29yb25hdmlydXMtb3V0YnJlYWsvc3RvcnkvbG9ja2Rvd24tc29uYXJwdXItYmVuZ2FsLXJpc2UtaW4tY292aWQtMTktY2FzZXMtMTg2OTg3OC0yMDIxLTEwLTI30gF7aHR0cHM6Ly93d3cuaW5kaWF0b2RheS5pbi9hbXAvY29yb25hdmlydXMtb3V0YnJlYWsvc3RvcnkvbG9ja2Rvd24tc29uYXJwdXItYmVuZ2FsLXJpc2UtaW4tY292aWQtMTktY2FzZXMtMTg2OTg3OC0yMDIxLTEwLTI3?hl=en-IN&gl=IN&ceid=IN%3Aen
31,"PM Modi opens Purvanchal Expressway: ‘Development has replaced mafia, poverty’",news.google.com/./articles/CAIiEDVizZiAc_bwnVnuZbheresqGAgEKg8IACoHCAow3rvTBDD89X4w8ZXmBQ?uo=CAUicmh0dHBzOi8vaW5kaWFuZXhwcmVzcy5jb20vYXJ0aWNsZS9pbmRpYS9wbS1uYXJlbmRyYS1tb2RpLW9wZW5zLXB1cnZhbmNoYWwtZXhwcmVzc3dheS1zb3VuZHMtdXAtcG9sbC1idWdsZS03NjI1NDc3L9IBAA&hl=en-IN&gl=IN&ceid=IN%3Aen
32,"IBC show to go ahead, despite partial lockdown",news.google.com/./articles/CAIiEGDPFU-BsaSv21p3P9bgJpUqGQgEKhAIACoHCAowzpSYCzDVvq8DMJKUzwY?uo=CAUiamh0dHBzOi8vd3d3LmF2aW50ZXJhY3RpdmUuY29tL25ld3MvaW5kdXN0cnktZXZlbnRzLW5ld3MvaWJjLXNob3ctZ28tYWhlYWQtZGVzcGl0ZS1yZXN0cmljdGlvbnMtMTYtMTEtMjAyMS_SAQA&hl=en-IN&gl=IN&ceid=IN%3Aen
33,"Radicalisation of 'lone wolf' terrorists has been fuelled by lockdown, says minister",news.google.com/./articles/CBMiamh0dHBzOi8vd3d3LnRlbGVncmFwaC5jby51ay9uZXdzLzIwMjEvMTEvMTYvcmFkaWNhbGlzYXRpb24tbG9uZS13b2xmLXRlcnJvcmlzdHMtaGFzLWZ1ZWxsZWQtbG9ja2Rvd24tc2F5cy_SAQA?hl=en-IN&gl=IN&ceid=IN%3Aen
34,Covid-19: 4570 new cases as Taoiseach rules out lockdown for unvaccinated people,news.google.com/./articles/CBMifWh0dHBzOi8vd3d3LmluZGVwZW5kZW50LmllL25ld3MvY292aWQtMTktNDU3MC1uZXctY2FzZXMtYXMtdGFvaXNlYWNoLXJ1bGVzLW91dC1sb2NrZG93bi1mb3ItdW52YWNjaW5hdGVkLXBlb3BsZS00MTA1MzYyMy5odG1s0gEA?hl=en-IN&gl=IN&ceid=IN%3Aen
35,Second of five escaped inmates captured in Georgia,news.google.com/./articles/CBMiWmh0dHBzOi8vd3d3Lm5iY25ld3MuY29tL25ld3MvdXMtbmV3cy9zZWNvbmQtZml2ZS1lc2NhcGVkLWlubWF0ZXMtY2FwdHVyZWQtZ2VvcmdpYS1yY25hNTY2NdIBKWh0dHBzOi8vd3d3Lm5iY25ld3MuY29tL25ld3MvYW1wL3JjbmE1NjY1?hl=en-IN&gl=IN&ceid=IN%3Aen
36,Police: No weapons found during lockdown at Coventry High School,news.google.com/./articles/CBMia2h0dHBzOi8vd3d3LndwcmkuY29tL25ld3MvbG9jYWwtbmV3cy93ZXN0LWJheS9jb3ZlbnRyeS1oaWdoLXNjaG9vbC1vbi1sb2NrZG93bi1hcy1wb2xpY2UtaW52ZXN0aWdhdGUtcnVtb3Iv0gFvaHR0cHM6Ly93d3cud3ByaS5jb20vbmV3cy9sb2NhbC1uZXdzL3dlc3QtYmF5L2NvdmVudHJ5LWhpZ2gtc2Nob29sLW9uLWxvY2tkb3duLWFzLXBvbGljZS1pbnZlc3RpZ2F0ZS1ydW1vci9hbXAv?hl=en-IN&gl=IN&ceid=IN%3Aen
37,Anderson Elementary School on Precautionary Lockdown Due to Near,news.google.com/./articles/CBMidmh0dHBzOi8vd3d3Lmt0dm4uY29tL3N0b3J5LzQ1MjAyODUwL2FuZGVyc29uLWVsZW1lbnRhcnktc2Nob29sLW9uLXByZWNhdXRpb25hcnktbG9ja2Rvd24tZHVlLXRvLW5lYXJieS1wb2xpY2UtYWN0aXZpdHnSAQA?hl=en-IN&gl=IN&ceid=IN%3Aen
38,Netherlands to face more lockdown-like measures without 2G coronavirus passes: Health Minister,news.google.com/./articles/CBMic2h0dHBzOi8vbmx0aW1lcy5ubC8yMDIxLzExLzE1L25ldGhlcmxhbmRzLWZhY2UtbG9ja2Rvd24tbGlrZS1tZWFzdXJlcy13aXRob3V0LTJnLWNvcm9uYXZpcnVzLXBhc3Nlcy1oZWFsdGgtbWluaXN0ZXLSAQA?hl=en-IN&gl=IN&ceid=IN%3Aen
39,"COVID updates: Victoria records 797 new coronavirus cases and eight deaths, NSW registers 212 new cases and two deaths",news.google.com/./articles/CAIiEKrKG4VZ7pi7d-sTmwmMndYqFwgEKg4IACoGCAow3vI9MPeaCDDEvrgG?uo=CAUiYmh0dHBzOi8vd3d3LmFiYy5uZXQuYXUvbmV3cy8yMDIxLTExLTE2L2NvdmlkLWJsb2ctbnN3LXZpY3RvcmlhLXF1ZWVuc2xhbmQtbGF0ZXN0LXVwZGF0ZXMvMTAwNjIyNDg00gEA&hl=en-IN&gl=IN&ceid=IN%3Aen
40,"After Delhi, Mumbai air also poisoned, will Mayanagari also have lockdown?",news.google.com/./articles/CAIiEC9K0TaBO6_rdPAreMFP5tAqGQgEKhAIACoHCAowh_OGCzDdiIUDMOCX6AY?uo=CAUicGh0dHBzOi8vZW5nbGlzaC5uZXdzdHJhY2tsaXZlLmNvbS9uZXdzL211bWJhaS1haXItcG9sbHV0aW9uLWluY3JlYXNlZC1saWtlLWRlbGhpLW1jMjMtbnU3NjQtdGEzMjItMTE5Mjc1OS0xLmh0bWzSAQA&hl=en-IN&gl=IN&ceid=IN%3Aen
41,Covid-19: Beauty bookings through to next year as Waikato emerges from lockdown,news.google.com/./articles/CBMieGh0dHBzOi8vd3d3LnN0dWZmLmNvLm56L2J1c2luZXNzLzEyNzAwMDQ4Mi9jb3ZpZDE5LWJlYXV0eS1ib29raW5ncy10aHJvdWdoLXRvLW5leHQteWVhci1hcy13YWlrYXRvLWVtZXJnZXMtZnJvbS1sb2NrZG93btIBAA?hl=en-IN&gl=IN&ceid=IN%3Aen
42,Melbourne readies to exit world's longest COVID-19 lockdown,news.google.com/./articles/CBMib2h0dHBzOi8vd3d3LnJldXRlcnMuY29tL3dvcmxkL2FzaWEtcGFjaWZpYy9tZWxib3VybmUtcmVhZGllcy1leGl0LXdvcmxkcy1sb25nZXN0LWNvdmlkLTE5LWxvY2tkb3ducy0yMDIxLTEwLTIwL9IBAA?hl=en-IN&gl=IN&ceid=IN%3Aen
43,District: Ashley Ridge High School placed on lockdown after student runs away from school,news.google.com/./articles/CBMicGh0dHBzOi8vd3d3LmxpdmU1bmV3cy5jb20vMjAyMS8xMS8xMS9hc2hsZXktcmlkZ2UtaGlnaC1zY2hvb2wtcHJlY2F1dGlvbmFyeS1sb2NrZG93bi1kdWUtbmVhcmJ5LXBvbGljZS1hY3Rpdml0eS_SAQA?hl=en-IN&gl=IN&ceid=IN%3Aen
44,Stephen Mangan: ‘I still feel like I’m 14 years old’,news.google.com/./articles/CAIiEHHZzdW3aQs2mVB0mx2mWsEqFggEKg4IACoGCAowl6p7MN-zCTCOvRU?uo=CAUikAFodHRwczovL3d3dy50aGVndWFyZGlhbi5jb20vc3RhZ2UvMjAyMS9ub3YvMTYvc3RlcGhlbi1tYW5nYW4taS1zdGlsbC1mZWVsLWxpa2UtaW0tMTQteWVhcnMtb2xkLXNjcm9vZ2UtbWF0dGhldy13YXJjaHVzLWEtY2hyaXN0bWFzLWNhcm9sLW9sZC12aWPSAQA&hl=en-IN&gl=IN&ceid=IN%3Aen
45,"Disadvantaged students’ maths, English results declined in lockdown",news.google.com/./articles/CAIiEKJDdffHNhywPSdzwRGHcnIqGQgEKhAIACoHCAowgNjvCjCC3s8BMOeLnAY?uo=CAUiggFodHRwczovL3d3dy50aGVhZ2UuY29tLmF1L3BvbGl0aWNzL3ZpY3RvcmlhL2Rpc2FkdmFudGFnZWQtc3R1ZGVudHMtbWF0aHMtZW5nbGlzaC1yZXN1bHRzLWRlY2xpbmVkLWluLWxvY2tkb3duLTIwMjExMTE1LXA1OTk0NS5odG1s0gEA&hl=en-IN&gl=IN&ceid=IN%3Aen
46,Premier Foods sinks 5% as lockdown boost fades,news.google.com/./articles/CBMiWmh0dHBzOi8vd3d3LnNoYXJlc21hZ2F6aW5lLmNvLnVrL25ld3Mvc2hhcmVzL3ByZW1pZXItZm9vZHMtc2lua3MtNS1hcy1sb2NrZG93bi1ib29zdC1mYWRlc9IBAA?hl=en-IN&gl=IN&ceid=IN%3Aen
47,Latest lockdowns cost Victoria $2.8 billion and counting,news.google.com/./articles/CAIiEOxzruUEuD9OJ9H_8uSOeD8qGQgEKhAIACoHCAowgNjvCjCC3s8BMKCtmwY?uo=CAUib2h0dHBzOi8vd3d3LnRoZWFnZS5jb20uYXUvbmF0aW9uYWwvdmljdG9yaWEvbGF0ZXN0LWxvY2tkb3ducy1jb3N0LTItOC1iaWxsaW9uLWFuZC1jb3VudGluZy0yMDIxMTExNi1wNTk5ODUuaHRtbNIBAA&hl=en-IN&gl=IN&ceid=IN%3Aen
48,New “living well after lockdown” tips for western Sydney,news.google.com/./articles/CBMiWmh0dHBzOi8vdGhlcHVsc2Uub3JnLmF1LzIwMjEvMTEvMTYvbmV3LWxpdmluZy13ZWxsLWFmdGVyLWxvY2tkb3duLXRpcHMtZm9yLXdlc3Rlcm4tc3lkbmV5L9IBAA?hl=en-IN&gl=IN&ceid=IN%3Aen
49,Warning of Santa Cruz student with firearm prompts high school lockdown,news.google.com/./articles/CBMidGh0dHBzOi8vd3d3LnNhbnRhY3J1enNlbnRpbmVsLmNvbS8yMDIxLzExLzE1L3dhcm5pbmctb2Ytc2FudGEtY3J1ei1zdHVkZW50LXdpdGgtZmlyZWFybS1wcm9tcHRzLWhpZ2gtc2Nob29sLWxvY2tkb3du0gF5aHR0cHM6Ly93d3cuc2FudGFjcnV6c2VudGluZWwuY29tLzIwMjEvMTEvMTUvd2FybmluZy1vZi1zYW50YS1jcnV6LXN0dWRlbnQtd2l0aC1maXJlYXJtLXByb21wdHMtaGlnaC1zY2hvb2wtbG9ja2Rvd24vYW1wLw?hl=en-IN&gl=IN&ceid=IN%3Aen
50,"Unvaccinated social media users want harvest work, but lockdown mandate looms in WA",news.google.com/./articles/CAIiEGBX0slWc9XJqBNzhtOyKD4qFggEKg4IACoGCAow3vI9MPeaCDDciw4?uo=CAUiWWh0dHBzOi8vd3d3LmFiYy5uZXQuYXUvbmV3cy8yMDIxLTExLTE2L3VudmFjY2luYXRlZC1jYWxsLWZvci1oYXJ2ZXN0LXdvcmstaW4td2EvMTAwNjIyMzAw0gEA&hl=en-IN&gl=IN&ceid=IN%3Aen
51,Industry warns against December lockdown restrictions for South Africa,news.google.com/./articles/CBMid2h0dHBzOi8vYnVzaW5lc3N0ZWNoLmNvLnphL25ld3MvYnVzaW5lc3MvNTM4MjIyL2luZHVzdHJ5LXdhcm5zLWFnYWluc3QtZGVjZW1iZXItbG9ja2Rvd24tcmVzdHJpY3Rpb25zLWZvci1zb3V0aC1hZnJpY2Ev0gF7aHR0cHM6Ly9idXNpbmVzc3RlY2guY28uemEvbmV3cy9idXNpbmVzcy81MzgyMjIvaW5kdXN0cnktd2FybnMtYWdhaW5zdC1kZWNlbWJlci1sb2NrZG93bi1yZXN0cmljdGlvbnMtZm9yLXNvdXRoLWFmcmljYS9hbXAv?hl=en-IN&gl=IN&ceid=IN%3Aen
52,Moscow is going back into lockdown as Covid-19 deaths multiply in Russia,news.google.com/./articles/CAIiEMDWqJ3CNOUxlsWNKiUqNA0qGQgEKhAIACoHCAowocv1CjCSptoCMPvTpgU?uo=CAUiWGh0dHBzOi8vd3d3LmNubi5jb20vMjAyMS8xMC8yMS9ldXJvcGUvbW9zY293LWxvY2tkb3duLW9jdG9iZXItMjAyMS1jb3ZpZC1pbnRsL2luZGV4Lmh0bWzSAQA&hl=en-IN&gl=IN&ceid=IN%3Aen
53,Latvia announces four weeks of lockdown as COVID-19 cases spike,news.google.com/./articles/CBMiamh0dHBzOi8vd3d3LnJldXRlcnMuY29tL3dvcmxkL2V1cm9wZS9sYXR2aWEtYW5ub3VuY2VzLWZvdXItd2Vla3MtbG9ja2Rvd24tY292aWQtMTktY2FzZXMtc3Bpa2UtMjAyMS0xMC0xOC_SAQA?hl=en-IN&gl=IN&ceid=IN%3Aen
54,MoviePass' new owner hopes service can drive cinema's post-lockdown return,news.google.com/./articles/CAIiENgtup15rZ9XDig5CJYKdLwqEwgEKgwIACoFCAow4GowoAgwkRo?uo=CAUiamh0dHBzOi8vd3d3LmNuZXQuY29tL3RlY2gvbW9iaWxlL21vdmllcGFzcy1uZXctb3duZXItaG9wZXMtc2VydmljZS1jYW4tZHJpdmUtY2luZW1hcy1wb3N0LWxvY2tkb3duLXJldHVybi_SAQA&hl=en-IN&gl=IN&ceid=IN%3Aen
55,New Zealand: Harsh lockdown tests patience,news.google.com/./articles/CBMiXWh0dHBzOi8vd3d3LmRhaWx5bmV3cy5say8yMDIxLzExLzEyL2ZlYXR1cmVzLzI2NDQxMC9uZXctemVhbGFuZC1oYXJzaC1sb2NrZG93bi10ZXN0cy1wYXRpZW5jZdIBAA?hl=en-IN&gl=IN&ceid=IN%3Aen
56,Nunavut filmmaker documents life in lockdown in her Igloolik home,news.google.com/./articles/CBMiXmh0dHBzOi8vd3d3LmNiYy5jYS9uZXdzL2NhbmFkYS9ub3J0aC9pbnVrLWZpbG1tYWtlci1jYXJvbC1rdW5udWstbnVuYXZ1dC1kb2N1bWVudGFyeS0xLjYyNDk3OTPSASBodHRwczovL3d3dy5jYmMuY2EvYW1wLzEuNjI0OTc5Mw?hl=en-IN&gl=IN&ceid=IN%3Aen
57,Lockdown jigsaw craze pushes Wiltshire firm past one million sales mark,news.google.com/./articles/CBMieWh0dHBzOi8vd3d3LmdhemV0dGVhbmRoZXJhbGQuY28udWsvbmV3cy8xOTcxODU1OC5sb2NrZG93bi1qaWdzYXctY3JhemUtcHVzaGVzLXdpbHRzaGlyZS1maXJtLXBhc3Qtb25lLW1pbGxpb24tc2FsZXMtbWFyay_SAQA?hl=en-IN&gl=IN&ceid=IN%3Aen
58,Covid-19: Ease lockdown stress with a bit of 'forest bathing',news.google.com/./articles/CBMid2h0dHBzOi8vd3d3LnN0dWZmLmNvLm56L25hdGlvbmFsL2hlYWx0aC9jb3JvbmF2aXJ1cy8xMjY5MjE3NzkvY292aWQxOS1lYXNlLWxvY2tkb3duLXN0cmVzcy13aXRoLWEtYml0LW9mLWZvcmVzdC1iYXRoaW5n0gEA?hl=en-IN&gl=IN&ceid=IN%3Aen
59,Insurers made huge profits on motorists in lockdown,news.google.com/./articles/CBMigAFodHRwczovL3d3dy5pbmRlcGVuZGVudC5pZS9idXNpbmVzcy9wZXJzb25hbC1maW5hbmNlL2luc3VyYW5jZS9pbnN1cmVycy1tYWRlLWh1Z2UtcHJvZml0cy1vbi1tb3RvcmlzdHMtaW4tbG9ja2Rvd24tNDEwNTU1NDMuaHRtbNIBAA?hl=en-IN&gl=IN&ceid=IN%3Aen
60,"I’m 40, middle-class and living in a caravan — and I’ve never been happier",news.google.com/./articles/CAIiEPvfvZlbcBjSCy5Nb5X0aGMqFwgEKg4IACoGCAowqvB9MMTRCTCGn-8G?uo=CAUiYGh0dHBzOi8vd3d3LnN0YW5kYXJkLmNvLnVrL2VzY2FwaXN0L2thdGllLWdsYXNzLWNhcmF2YW4tY291bnRyeS1saWZlLWxlYXZpbmctbG9uZG9uLWI5NjYzOTIuaHRtbNIBAA&hl=en-IN&gl=IN&ceid=IN%3Aen
61,3 lockdown scenarios for South Africa – including restrictions over Christmas,news.google.com/./articles/CBMifGh0dHBzOi8vYnVzaW5lc3N0ZWNoLmNvLnphL25ld3MvdHJlbmRpbmcvNTMyMjMwLzMtbG9ja2Rvd24tc2NlbmFyaW9zLWZvci1zb3V0aC1hZnJpY2EtaW5jbHVkaW5nLXJlc3RyaWN0aW9ucy1vdmVyLWNocmlzdG1hcy_SAYABaHR0cHM6Ly9idXNpbmVzc3RlY2guY28uemEvbmV3cy90cmVuZGluZy81MzIyMzAvMy1sb2NrZG93bi1zY2VuYXJpb3MtZm9yLXNvdXRoLWFmcmljYS1pbmNsdWRpbmctcmVzdHJpY3Rpb25zLW92ZXItY2hyaXN0bWFzL2FtcC8?hl=en-IN&gl=IN&ceid=IN%3Aen
62,‘Get me out of here’: Three hours of HSC exam prove the real test,news.google.com/./articles/CAIiEGeZas2eKZzJjhNtZ2QeIRwqGQgEKhAIACoHCAowxqmICzDg_IYDMIGkmwY?uo=CAUid2h0dHBzOi8vd3d3LnNtaC5jb20uYXUvbmF0aW9uYWwvbnN3L2dldC1tZS1vdXQtb2YtaGVyZS10aHJlZS1ob3Vycy1vZi1oc2MtZXhhbS1wcm92ZS10aGUtcmVhbC10ZXN0LTIwMjExMTE1LXA1OTkxeS5odG1s0gEA&hl=en-IN&gl=IN&ceid=IN%3Aen
63,100 Birmingham households evicted following end of Covid-19 lockdown,news.google.com/./articles/CAIiEDGzlkbZNqpO19ei30C4RXkqGQgEKhAIACoHCAow2c77CjC-yfQCMJzg0wU?uo=CAUiaGh0dHBzOi8vd3d3LmJpcm1pbmdoYW1tYWlsLmNvLnVrL25ld3MvbWlkbGFuZHMtbmV3cy8xMDAtYmlybWluZ2hhbS1ob3VzZWhvbGRzLWV2aWN0ZWQtZm9sbG93aW5nLTIyMTc4ODk40gEA&hl=en-IN&gl=IN&ceid=IN%3Aen
64,Puppies kept in pet stores throughout lockdown,news.google.com/./articles/CBMidGh0dHBzOi8vd3d3LnJuei5jby5uei9uYXRpb25hbC9wcm9ncmFtbWVzL2NoZWNrcG9pbnQvYXVkaW8vMjAxODgyMDc4MC9wdXBwaWVzLWtlcHQtaW4tcGV0LXN0b3Jlcy10aHJvdWdob3V0LWxvY2tkb3du0gEA?hl=en-IN&gl=IN&ceid=IN%3Aen
65,Stratford anti-lockdown organizer faces human-trafficking charges,news.google.com/./articles/CBMid2h0dHBzOi8vd3d3LnN0cmF0Zm9yZGJlYWNvbmhlcmFsZC5jb20vbmV3cy9sb2NhbC1uZXdzL3N0cmF0Zm9yZC1hbnRpLWxvY2tkb3duLW9yZ2FuaXplci1mYWNlcy1odW1hbi10cmFmZmlja2luZy1jaGFyZ2Vz0gEA?hl=en-IN&gl=IN&ceid=IN%3Aen
66,Life after lockdown: Melanie Dower on Finnish living in Helsinki,news.google.com/./articles/CBMifWh0dHBzOi8vd3d3Lm56aGVyYWxkLmNvLm56L3RyYXZlbC9saWZlLWFmdGVyLWxvY2tkb3duLW1lbGFuaWUtZG93ZXItb24tZmlubmlzaC1saXZpbmctaW4taGVsc2lua2kvSkFKNVdaQUNSTTdQRlhMTzc1M09VWUpGSTQv0gEA?hl=en-IN&gl=IN&ceid=IN%3Aen
67,Melbourne property market records a jump in new listings post-lockdown,news.google.com/./articles/CBMibmh0dHBzOi8vd3d3LmRvbWFpbi5jb20uYXUvbmV3cy9tZWxib3VybmUtcHJvcGVydHktbWFya2V0LXJlY29yZHMtYS1qdW1wLWluLW5ldy1saXN0aW5ncy1wb3N0LWxvY2tkb3duLTExMDM3MjAv0gFyaHR0cHM6Ly93d3cuZG9tYWluLmNvbS5hdS9uZXdzL21lbGJvdXJuZS1wcm9wZXJ0eS1tYXJrZXQtcmVjb3Jkcy1hLWp1bXAtaW4tbmV3LWxpc3RpbmdzLXBvc3QtbG9ja2Rvd24tMTEwMzcyMC9hbXAv?hl=en-IN&gl=IN&ceid=IN%3Aen
68,Canberra choir recycles their way through lockdown,news.google.com/./articles/CBMiXWh0dHBzOi8vaGVyY2FuYmVycmEuY29tLmF1L2NpdHkvY29tbXVuaXR5L2NhbmJlcnJhLWNob2lyLXJlY3ljbGVzLXRoZWlyLXdheS10aHJvdWdoLWxvY2tkb3duL9IBAA?hl=en-IN&gl=IN&ceid=IN%3Aen
69,Scott Morrison's low approval rating 'a case of one lockdown too many': Clennell,news.google.com/./articles/CBMipAFodHRwczovL3d3dy5za3luZXdzLmNvbS5hdS9vcGluaW9uL3BldGEtY3JlZGxpbi9zY290dC1tb3JyaXNvbnMtbG93LWFwcHJvdmFsLXJhdGluZ3MtYS1jYXNlLW9mLW9uZS1sb2NrZG93bi10b28tbWFueS1jbGVubmVsbC92aWRlby80YjBlNGI0ZGYyNTYwZDFlNWRhMGI0MGY0YjliZjQ1MtIBAA?hl=en-IN&gl=IN&ceid=IN%3Aen
70,Piers Morgan slams anti-vaxxers amid Austria's controversial new lockdown plans,news.google.com/./articles/CAIiEJWqxoNmOHJiAADrH_g0l70qGQgEKhAIACoHCAowzLqbCzCQxbMDMN-X3gY?uo=CAUiVWh0dHBzOi8vd3d3LnN1c3NleGxpdmUuY28udWsvbmV3cy9zdXNzZXgtbmV3cy9waWVycy1tb3JnYW4tc2xhbXMtYW50aS12YXh4ZXJzLTYyMDk4MjfSAQA&hl=en-IN&gl=IN&ceid=IN%3Aen
71,Covid second wave: Does India need another lockdown as cases spike? What govt says,news.google.com/./articles/CAIiEPnPZYwo66EC6T_DKT3mLFcqFwgEKg4IACoGCAowxLQ_MNevCDCyrdsG?uo=CAUie2h0dHBzOi8vd3d3LmxpdmVtaW50LmNvbS9uZXdzL2luZGlhL2NvdmlkMTktc2Vjb25kLXdhdmUtYXMtY2FzZXMtc3Bpa2Utd2hhdC1nb3Zlcm5tZW50LXNheXMtb24tbG9ja2Rvd24tMTE2MTY1NTYxNDkzNTAuaHRtbNIBAA&hl=en-IN&gl=IN&ceid=IN%3Aen
72,India lockdown: First lockdown announced,news.google.com/./articles/CBMitwFodHRwczovL2Vjb25vbWljdGltZXMuaW5kaWF0aW1lcy5jb20vbmV3cy9pbmRpYS9vbmUteWVhci1zaW5jZS1hLWNvbXBsZXRlLWxvY2tkb3duLXdhcy1hbm5vdW5jZWQtd2UtbG9vay1iYWNrLW9uLWhvdy1pbmRpYS1mb3VnaHQtY292aWQvZmlyc3QtbG9ja2Rvd24tYW5ub3VuY2VkL3NsaWRlc2hvdy84MTY2MjgzOC5jbXPSAQA?hl=en-IN&gl=IN&ceid=IN%3Aen
73,14-day Total Lockdown Begins in Karnataka as Covid Situation Turns Grim | Full LIST of Restrictions Here,news.google.com/./articles/CAIiEAxLLQUyjozT0OoEpwdn_84qGQgEKhAIACoHCAow5dz4CjCO8d4CMLW6uAY?uo=CAUivAFodHRwczovL3d3dy5pbmRpYS5jb20vbmV3cy9pbmRpYS9rYXJuYXRha2EtYmFuZ2Fsb3JlLWxvY2tkb3duLW5ld3MtMjAyMS1saXZlLXVwZGF0ZS10b2RheS1hcHJpbC0yNy1rYXJuYXRha2EtYmVuZ2FsdXJ1LWxvY2tkb3duLWd1aWRlbGluZXMtZnVsbC1saXN0LW9mLXJlc3RyaWN0aW9ucy10b3RhbC1zaHV0ZG93bi00NjE3NzQwL9IBAA&hl=en-IN&gl=IN&ceid=IN%3Aen
74,One year of coronavirus lockdown: When 1.3 billion people were confined to their homes,news.google.com/./articles/CAIiEDSY0Ie2BaeNJ0z3AlGM8eoqGQgEKhAIACoHCAowzrL9CjDC7vQCMJmD1wU?uo=CAUimAFodHRwczovL3RpbWVzb2ZpbmRpYS5pbmRpYXRpbWVzLmNvbS9pbmRpYS9vbmUteWVhci1vZi1jb3JvbmF2aXJ1cy1sb2NrZG93bi13aGVuLTEtMy1iaWxsaW9uLXBlb3BsZS13ZXJlLWNvbmZpbmVkLXRvLXRoZWlyLWhvbWVzL2FydGljbGVzaG93LzgxNjY4NTkzLmNtc9IBAA&hl=en-IN&gl=IN&ceid=IN%3Aen
75,Covid-19 second wave: Here’s a list of states that have imposed full lockdown,news.google.com/./articles/CAIiEM1rmoqs58ZUPr9i6Fl1CEQqGAgEKg8IACoHCAow3rvTBDD89X4w8ZXmBQ?uo=CAUieGh0dHBzOi8vaW5kaWFuZXhwcmVzcy5jb20vYXJ0aWNsZS9pbmRpYS9jb3ZpZC0xOS1zZWNvbmQtd2F2ZS1oZXJlcy1hLWxpc3Qtb2Ytc3RhdGVzLXRoYXQtaGF2ZS1pbXBvc2VkLWxvY2tkb3ducy03MzA2NjM0L9IBAA&hl=en-IN&gl=IN&ceid=IN%3Aen
76,"Coronavirus Lockdown in India 2021 Highlights: Maha reports highest-ever spike of 31,855 new COVID-19 cases, Gujarat bans public celebration of Holi",news.google.com/./articles/CAIiEO-0gIkLp1kFSNPHk2MoBqMqGQgEKhAIACoHCAow55veCjDzvdUBMLHh5gU?uo=CAUigwJodHRwczovL3d3dy5maW5hbmNpYWxleHByZXNzLmNvbS9saWZlc3R5bGUvaGVhbHRoL2NvdmlkMTktY29yb25hdmlydXMtaW5kaWEtbGl2ZS11cGRhdGVzLW1hcmNoLTI0LTIxLWRheS1sb2NrZG93bi1hbm5pdmVyc2FyeS1sb2NrZG93bi1hbm5pdmVyc2FyeS1saXZlLW5pZ2h0LWN1cmZld3MtbmV3LWNvbnRhaW5tZW50LXpvbmVzLXRvZGF5LXNjaG9vbHMtc2h1dGRvd25zLWNvdmlkLWRlYXRocy1jb3JvbmEtdmFjY2luZS1uZXdzLWRlbGhpLzIyMTg5ODcv0gEA&hl=en-IN&gl=IN&ceid=IN%3Aen
77,These states have extended Covid-19 lockdown from today: Check list here,news.google.com/./articles/CAIiEABuGugEwRaV5pf5bgZ9cC8qFwgEKg4IACoGCAoww7k_MMevCDCj7PkG?uo=CAUihgFodHRwczovL3d3dy5oaW5kdXN0YW50aW1lcy5jb20vaW5kaWEtbmV3cy90aGVzZS1zdGF0ZXMtaGF2ZS1leHRlbmRlZC1jb3ZpZC0xOS1sb2NrZG93bi1mcm9tLXRvZGF5LWNoZWNrLWxpc3QtaGVyZS0xMDE2MjUwOTgzNDY0ODIuaHRtbNIBAA&hl=en-IN&gl=IN&ceid=IN%3Aen
78,COVID-19 crisis: Chorus for India lockdown gets louder,news.google.com/./articles/CAIiELgyD9dwy8YXAD39F8Bo46MqGAgEKg8IACoHCAowop2lATDj4RowwtDJBQ?uo=CAUidmh0dHBzOi8vd3d3Lm5ld2luZGlhbmV4cHJlc3MuY29tL25hdGlvbi8yMDIxL21heS8wNS9jb3ZpZC0xOS1jcmlzaXMtY2hvcnVzLWZvci1pbmRpYS1sb2NrZG93bi1nZXRzLWxvdWRlci0yMjk4NTA3Lmh0bWzSAQA&hl=en-IN&gl=IN&ceid=IN%3Aen
79,"Tamil Nadu announces 14-day complete lockdown from May 10: What's open, what's not",news.google.com/./articles/CBMimAFodHRwczovL3d3dy5pbmRpYXRvZGF5LmluL2Nvcm9uYXZpcnVzLW91dGJyZWFrL3N0b3J5L2NvbXBsZXRlLWxvY2tkb3duLXRhbWlsLW5hZHUtMTQtZGF5cy1tYXktMTAtMjQtY292aWQxOS1jYXNlcy13aGF0LWlzLW9wZW4tY2xvc2VkLTE4MDAxMzctMjAyMS0wNS0wONIBnAFodHRwczovL3d3dy5pbmRpYXRvZGF5LmluL2FtcC9jb3JvbmF2aXJ1cy1vdXRicmVhay9zdG9yeS9jb21wbGV0ZS1sb2NrZG93bi10YW1pbC1uYWR1LTE0LWRheXMtbWF5LTEwLTI0LWNvdmlkMTktY2FzZXMtd2hhdC1pcy1vcGVuLWNsb3NlZC0xODAwMTM3LTIwMjEtMDUtMDg?hl=en-IN&gl=IN&ceid=IN%3Aen
80,Lockdown in India 2021: List of cities under lockdown and night curfew,news.google.com/./articles/CBMihAFodHRwczovL3d3dy5pbmRpYXRvZGF5LmluL2luZm9ybWF0aW9uL3N0b3J5L2xvY2tkb3duLWluLWluZGlhLTIwMjEtbGlzdC1vZi1jaXRpZXMtdW5kZXItbG9ja2Rvd24tYW5kLW5pZ2h0LWN1cmZldy0xNzc5OTIxLTIwMjEtMDMtMTbSAYgBaHR0cHM6Ly93d3cuaW5kaWF0b2RheS5pbi9hbXAvaW5mb3JtYXRpb24vc3RvcnkvbG9ja2Rvd24taW4taW5kaWEtMjAyMS1saXN0LW9mLWNpdGllcy11bmRlci1sb2NrZG93bi1hbmQtbmlnaHQtY3VyZmV3LTE3Nzk5MjEtMjAyMS0wMy0xNg?hl=en-IN&gl=IN&ceid=IN%3Aen
81,"Covid-19: 'Lockdown' extended till June 1 in Maharashtra, RT-PCR report must to enter state",news.google.com/./articles/CAIiEHCg1YCIEjpUEov0Ey_IEy0qGQgEKhAIACoHCAowzrL9CjDC7vQCMK2y1gU?uo=CAUinwFodHRwczovL3RpbWVzb2ZpbmRpYS5pbmRpYXRpbWVzLmNvbS9jaXR5L211bWJhaS9jYWJpbmV0LWV4dGVuZHMtbG9ja2Rvd24tbGlrZS1jdXJicy10aWxsLW1heS0zMC1tYWhhcmFzaHRyYS1jbS13aWxsLW5vdGlmeS1pbi0yLTMtZGF5cy9hcnRpY2xlc2hvdy84MjU4ODY5NC5jbXPSAQA&hl=en-IN&gl=IN&ceid=IN%3Aen
82,Full lockdown in Uttar Pradesh from tomorrow. Details here,news.google.com/./articles/CAIiEI0T-mpc44JoMC8tj-Kv_iUqFwgEKg4IACoGCAowxLQ_MNevCDCyrdsG?uo=CAUicWh0dHBzOi8vd3d3LmxpdmVtaW50LmNvbS9uZXdzL2luZGlhL2Z1bGwtbG9ja2Rvd24taW4tdXR0YXItcHJhZGVzaC1mcm9tLXRvbW9ycm93LWRldGFpbHMtaGVyZS0xMTYxOTY4MDk1Njc1Mi5odG1s0gEA&hl=en-IN&gl=IN&ceid=IN%3Aen
83,"Delhi Goes Into Lockdown Tonight, Ends Early Monday Morning",news.google.com/./articles/CAIiEEdJLUciV4UPKIssnSXxA9gqGQgEKhAIACoHCAowj8n_CjDIrfkCMPGi6AU?uo=CAUicmh0dHBzOi8vd3d3Lm5kdHYuY29tL2luZGlhLW5ld3MvZGVsaGktbG9ja2Rvd24tZnJvbS0xMC1wbS10b2RheS10aWxsLTUtYW0tbmV4dC1tb25kYXktc2F5cy1hcnZpbmQta2Vqcml3YWwtMjQxNjg3ONIBAA&hl=en-IN&gl=IN&ceid=IN%3Aen
84,Maharashtra govt may impose 15-day lockdown starting Wednesday night,news.google.com/./articles/CAIiEH0DIoHRUa3jRtQcl1QIUMMqGQgEKhAIACoHCAowsLXdCjCm3dEBMOThpAM?uo=CAUikgFodHRwczovL3d3dy5idXNpbmVzcy1zdGFuZGFyZC5jb20vYXJ0aWNsZS9jdXJyZW50LWFmZmFpcnMvbWFoYXJhc2h0cmEtZ292dC1tYXktaW1wb3NlLTE1LWRheS1sb2NrZG93bi1zdGFydGluZy13ZWRuZXNkYXktbmlnaHQtMTIxMDQyMDAxMzE3XzEuaHRtbNIBAA&hl=en-IN&gl=IN&ceid=IN%3Aen
85,Covid: Lockdown relaxed in Bengaluru and 18 other Karnataka districts from June 14,news.google.com/./articles/CAIiEJTCbjgBgnjtv_fV-Tl1iT8qGQgEKhAIACoHCAowzrL9CjDC7vQCMKCT1wU?uo=CAUinQFodHRwczovL3RpbWVzb2ZpbmRpYS5pbmRpYXRpbWVzLmNvbS9jaXR5L2JlbmdhbHVydS9jb3ZpZC1sb2NrZG93bi1yZWxheGVkLWluLWJlbmdhbHVydS1hbmQtMTgtb3RoZXIta2FybmF0YWthLWRpc3RyaWN0cy1mcm9tLWp1bmUtMTQvYXJ0aWNsZXNob3cvODM0MDU0NDEuY21z0gEA&hl=en-IN&gl=IN&ceid=IN%3Aen
86,BS Yediyurappa announces 14-day lockdown in Karnataka from April 27 as Covid cases surge,news.google.com/./articles/CBMioQFodHRwczovL2Vjb25vbWljdGltZXMuaW5kaWF0aW1lcy5jb20vbmV3cy9pbmRpYS9icy15ZWRpeXVyYXBwYS1hbm5vdW5jZXMtMTQtZGF5LWxvY2tkb3duLWluLWthcm5hdGFrYS1mcm9tLWFwcmlsLTI3LWFzLWNvdmlkLWNhc2VzLXN1cmdlL2FydGljbGVzaG93LzgyMjU3MDA1LmNtc9IBnAFodHRwczovL20uZWNvbm9taWN0aW1lcy5jb20vbmV3cy9pbmRpYS9icy15ZWRpeXVyYXBwYS1hbm5vdW5jZXMtMTQtZGF5LWxvY2tkb3duLWluLWthcm5hdGFrYS1mcm9tLWFwcmlsLTI3LWFzLWNvdmlkLWNhc2VzLXN1cmdlL2FtcF9hcnRpY2xlc2hvdy84MjI1NzAwNS5jbXM?hl=en-IN&gl=IN&ceid=IN%3Aen
87,Karnataka Lockdown News Today: Total Shutdown in Bengaluru After August 15? Read Minister's Latest Statement,news.google.com/./articles/CAIiEDj5W7fk_eBT4DFo5hE95H4qGQgEKhAIACoHCAow5dz4CjCO8d4CMJW5iwY?uo=CAUi7gFodHRwczovL3d3dy5pbmRpYS5jb20va2FybmF0YWthL2thcm5hdGFrYS1sb2NrZG93bi1uZXdzLXRvZGF5LTE0LWF1Z3VzdC0yMDIxLXdpbGwtZ292dC1pbXBvc2UtdG90YWwtc2h1dGRvd24taW4tYmVuZ2FsdXJ1LXNoaXZhbW9nYWEta29kYWd1LW1hbmdhbG9yZS1iYW5nYWxvcmUtYWZ0ZXItYXVndXN0LTE1LWluZGVwZW5kZW5jZS1kYXktcmVhZC1taW5pc3RlcnMtbGF0ZXN0LXN0YXRlbWVudC1oZXJlLTQ4ODcxOTgv0gEA&hl=en-IN&gl=IN&ceid=IN%3Aen
88,Tamil Nadu extends Covid lockdown for another two weeks till 23 Aug. Details here,news.google.com/./articles/CAIiEHeLlmZAv4XYCdtOzyqOu30qFwgEKg4IACoGCAowxLQ_MNevCDCyrdsG?uo=CAUijQFodHRwczovL3d3dy5saXZlbWludC5jb20vbmV3cy9pbmRpYS90YW1pbC1uYWR1LWdvdnQtZXh0ZW5kcy1jb3ZpZC1sb2NrZG93bi1mb3ItYW5vdGhlci10d28td2Vla3MtdGlsbC0yMy1hdWctZGV0YWlscy1oZXJlLTExNjI4MjU1NTgxMTcxLmh0bWzSAQA&hl=en-IN&gl=IN&ceid=IN%3Aen
89,Kerala: Complete lockdown to be imposed for two days. Details here,news.google.com/./articles/CAIiELfi9hn8HU19GC3zhgx2VKsqFwgEKg4IACoGCAowxLQ_MNevCDCyrdsG?uo=CAUigAFodHRwczovL3d3dy5saXZlbWludC5jb20vbmV3cy9pbmRpYS9jb21wbGV0ZS1sb2NrZG93bi10by1iZS1pbXBvc2VkLWluLWtlcmFsYS1vbi10aGVzZS10d28tZGF5cy1kZXRhaWxzLWhlcmUtMTE2Mjc1MzM1NzYwMzMuaHRtbNIBAA&hl=en-IN&gl=IN&ceid=IN%3Aen
90,Lockdown in India 2021: List of cities under lockdown and night curfew in March,news.google.com/./articles/CBMihwFodHRwczovL3d3dy5pbmRpYXRvZGF5LmluL2luZm9ybWF0aW9uL3N0b3J5L2xvY2tkb3duLTIwMjEtbGlzdC1vZi1jaXRpZXMtdW5kZXItbG9ja2Rvd24tYW5kLW5pZ2h0LWN1cmZldy1pbi1tYXJjaC0yMS0xNzgyMjc1LTIwMjEtMDMtMjLSAYsBaHR0cHM6Ly93d3cuaW5kaWF0b2RheS5pbi9hbXAvaW5mb3JtYXRpb24vc3RvcnkvbG9ja2Rvd24tMjAyMS1saXN0LW9mLWNpdGllcy11bmRlci1sb2NrZG93bi1hbmQtbmlnaHQtY3VyZmV3LWluLW1hcmNoLTIxLTE3ODIyNzUtMjAyMS0wMy0yMg?hl=en-IN&gl=IN&ceid=IN%3Aen
91,Fact Check: India Under COVID-19 Lockdown Till October 30? Know Truth Behind The Viral Claim Here,news.google.com/./articles/CAIiEECuLArMDEbJvNRikDOOot4qGQgEKhAIACoHCAow5dz4CjCO8d4CMLW6uAY?uo=CAUixQFodHRwczovL3d3dy5pbmRpYS5jb20vbmV3cy9pbmRpYS9sb2NrZG93bi1uZXdzLXRvZGF5LTI0LXNlcHRlbWJlci0yMDIxLWZhY3QtY2hlY2staW5kaWEtdW5kZXItbG9ja2Rvd24tc2Nob29scy1zaHV0LXRpbGwtb2N0b2Jlci0zMC10aGlyZC13YXZlLW9mLWNvcm9uYS1pbi1pbmRpYS1leHBlY3RlZC1kYXRlLXJlYWQtZGV0YWlscy00OTc3NDA4L9IBAA&hl=en-IN&gl=IN&ceid=IN%3Aen
92,"Covid lockdown in Uttar Pradesh extended till May 31, industrial activity exempted",news.google.com/./articles/CBMijQFodHRwczovL3d3dy5pbmRpYXRvZGF5LmluL2Nvcm9uYXZpcnVzLW91dGJyZWFrL3N0b3J5L3V0dGFyLXByYWRlc2gtdXAtY29yb25hLWxvY2tkb3duLWN1cmZldy1sYXRlc3QtbmV3cy11cGRhdGUtdG9kYXktMjAyMS0xODA1Nzk1LTIwMjEtMDUtMjLSAZEBaHR0cHM6Ly93d3cuaW5kaWF0b2RheS5pbi9hbXAvY29yb25hdmlydXMtb3V0YnJlYWsvc3RvcnkvdXR0YXItcHJhZGVzaC11cC1jb3JvbmEtbG9ja2Rvd24tY3VyZmV3LWxhdGVzdC1uZXdzLXVwZGF0ZS10b2RheS0yMDIxLTE4MDU3OTUtMjAyMS0wNS0yMg?hl=en-IN&gl=IN&ceid=IN%3Aen
93,UP Weekend Lockdown: All Districts Under Covid Curfew For 2 Days | Full List of Restrictions,news.google.com/./articles/CAIiEMzjR9cBBlnSGIHA6G2mml4qGQgEKhAIACoHCAow5dz4CjCO8d4CMLW6uAY?uo=CAUi7AFodHRwczovL3d3dy5pbmRpYS5jb20vbmV3cy9pbmRpYS91dHRhci1wYXJkZXNoLWxvY2tkb3duLWxhdGVzdC11cGRhdGUtdXAtd2Vla2VuZC1jdXJmZXctcmV0dXJucy1pbi1hbGwtZGlzdHJpY3RzLWZ1bGwtbGlzdC1vZi1yZXN0cmljdGlvbnMtd2hhdHMtb3Blbi13aGF0cy1zaHV0LWdhdXRhbS1idWRkaC1uYWdhci1sdWNrbm93LWdoYXppYWJhZC1ub2lkYS1uZXdzLWNvcm9uYXZpcnVzLXVwZGF0ZS00NzMzNzc0L9IBAA&hl=en-IN&gl=IN&ceid=IN%3Aen
94,Maharashtra govt not ruling out Mumbai lockdown as Covid-19 cases spike across state,news.google.com/./articles/CBMifWh0dHBzOi8vd3d3LmluZGlhdG9kYXkuaW4vY29yb25hdmlydXMtb3V0YnJlYWsvc3RvcnkvbWFoYXJhc2h0cmEtY292aWQtY2FzZXMtZ292dC1wbGFubmluZy1tdW1iYWktbG9ja2Rvd24tMTc3MDUzOS0yMDIxLTAyLTE40gEA?hl=en-IN&gl=IN&ceid=IN%3Aen
95,These States May go Under Lockdown Amid COVID-19 Spike | Full List,news.google.com/./articles/CAIiEAmj5aZIFbc48NDam2lM59YqGQgEKhAIACoHCAow5dz4CjCO8d4CMLW6uAY?uo=CAUiugFodHRwczovL3d3dy5pbmRpYS5jb20vbmV3cy9pbmRpYS9sb2NrZG93bi1uZXdzLTIwMjEtdG9kYXktdGhlc2Utc3RhdGVzLW1heS1nby11bmRlci1sb2NrZG93bi1hbWlkLWNvdmlkLTE5LXNwaWtlLWZ1bGwtbGlzdC1sb2NrZG93bi1pbi1tdW1iYWktYmVuZ2FsdXJ1LXB1bmUtbWFkaHlhLXByYWRlc2gtZGVsaGktNDU3NTk0OC_SAQA&hl=en-IN&gl=IN&ceid=IN%3Aen
96,Karnataka extends Covid-19 lockdown till June 7: What’s allowed and what’s not,news.google.com/./articles/CAIiEBp7HIlCOheghIfWBLvvaAwqGAgEKg8IACoHCAow3rvTBDD89X4w8YzmBQ?uo=CAUifmh0dHBzOi8vaW5kaWFuZXhwcmVzcy5jb20vYXJ0aWNsZS9jaXRpZXMvYmFuZ2Fsb3JlL2thcm5hdGFrYS1leHRlbmRzLWxvY2tkb3duLXRpbGwtanVuZS03LXdoYXRzLWFsbG93ZWQtYW5kLXdoYXRzLW5vdC03MzI0ODI2L9IBAA&hl=en-IN&gl=IN&ceid=IN%3Aen
97,"West Bengal imposes partial lockdown amid Covid-19 surge: What's allowed, what's not",news.google.com/./articles/CAIiEBSMiUaFrSLkCnwUtxpZ6RQqFwgEKg4IACoGCAowxLQ_MNevCDCyrdsG?uo=CAUiigFodHRwczovL3d3dy5saXZlbWludC5jb20vbmV3cy9pbmRpYS93ZXN0LWJlbmdhbC1pbXBvc2VzLXBhcnRpYWwtbG9ja2Rvd24tYW1pZC1jb3ZpZC0xOS1zdXJnZS13aGF0LXMtYWxsb3dlZC13aGF0LXMtbm90LTExNjE5Nzg5MDk0ODU4Lmh0bWzSAQA&hl=en-IN&gl=IN&ceid=IN%3Aen
98,"As States Ease Curbs, Experts Worry of Third COVID Wave, Support Lockdown Till Dec 2021",news.google.com/./articles/CAIiEIUxC7RAyFY2CxYrJNmd6x8qGQgEKhAIACoHCAow5dz4CjCO8d4CMJW5iwY?uo=CAUikAFodHRwczovL3d3dy5pbmRpYS5jb20vbmV3cy9pbmRpYS9pbmRpYS1sb2NrZG93bi11bmxvY2stbmV3cy10b2RheS1leHBlcnRzLXdhbnQtbG9ja2Rvd24tdG8tY29udGludWUtdGlsbC1kZWNlbWJlci0yMDIxLWNvdmlkLXRoaXJkLXdhdmUtNDc0MTkxMS_SAQA&hl=en-IN&gl=IN&ceid=IN%3Aen
99,Complete lockdown in India from May 3-20 amid massive Covid wave? What Govt said,news.google.com/./articles/CAIiEAszBU2ggQhLXhi6a3X0exkqGQgEKhAIACoHCAowoPX9CjDmofYCMLrD3AU?uo=CAUid2h0dHBzOi8vd3d3LmluZGlhdHZuZXdzLmNvbS9uZXdzL2luZGlhL2NvbXBsZXRlLWxvY2tkb3duLWluZGlhLW1heS0zLTIwLWdvdnQtcmVzcG9uc2UtcGliLWZhY3QtY2hlY2stbGF0ZXN0LW5ld3MtNzAxNjU40gEA&hl=en-IN&gl=IN&ceid=IN%3Aen
